{
    "energy_mean": 0.5423191542288558,
    "energy_std": 1.944187569776618
}
