{
    "charge_mean": 0.0,
    "charge_std": 0.0,
    "corrected_total_energy_mean": -140.3564243207127,
    "corrected_total_energy_std": 81.37887321174293
}
