{
    "energy_mean": -186.21986734028704,
    "energy_std": 185.10113806014107,
    "corrected_total_energy_mean": -186.21986734028704,
    "corrected_total_energy_std": 185.10113806014107
}
