{
    "energy_mean": -185.61050559672154,
    "energy_std": 181.52375963596623,
    "corrected_total_energy_mean": -185.61050559672154,
    "corrected_total_energy_std": 181.52375963596623
}
