{
    "energy_mean": -186.97057242265973,
    "energy_std": 186.48867949456945,
    "corrected_total_energy_mean": -186.97057242265973,
    "corrected_total_energy_std": 186.48867949456945
}
