{
    "corrected_total_energy_mean": -189.60650871887825,
    "corrected_total_energy_std": 188.05822855082104,
    "energy_mean": -189.60650871887825,
    "energy_std": 188.05822855082104
}
