{
    "energy_mean": -192.63695984162987,
    "energy_std": 189.36947949845828,
    "corrected_total_energy_mean": -192.63695984162987,
    "corrected_total_energy_std": 189.36947949845828
}
