{
    "energy_mean": -185.61059927124737,
    "energy_std": 183.5484981726203,
    "corrected_total_energy_mean": -185.61059927124737,
    "corrected_total_energy_std": 183.5484981726203
}
