{
    "energy_mean": -214.69845189724998,
    "energy_std": 218.69620660947086,
    "corrected_total_energy_mean": -214.69845189724998,
    "corrected_total_energy_std": 218.69620660947086
}
