{
    "energy_init_mean": 4.738418536151155,
    "energy_init_std": 111.31282680810719,
    "energy_relaxed_mean": -1.5275061286392084,
    "energy_relaxed_std": 2.2939761500374587
}
