{
    "energy_mean": -357.59086187793713,
    "energy_std": 0.5468885052905027
}
