{
    "relative_energy_mean": 93024.43466652808,
    "relative_energy_std": 353569.86180838215,
    "efermi_mean": 176.8443319258348,
    "efermi_std": 2718.48032135024,
    "spin_polarized_mean": 0.0013855532976168484,
    "spin_polarized_std": 0.037197224892138274
}
