{
    "energy_mean": -0.24307717595182118,
    "energy_std": 1.034312158111925,
    "band_gap_mean": 0.2443206506143532,
    "band_gap_std": 0.8722828110841089,
    "stability_mean": 0.4827907308301279,
    "stability_std": 2.232222078358756
}
