{
    "energy_mean": -0.7532390160464761,
    "energy_std": 3.4330168505643304
}
